[
{"title": "Kevin Bacon", "url": "https://en.wikipedia.org/wiki/Kevin_Bacon", "lastUpdated": " This page was last edited on 19 September 2020, at 00:35"},
{"title": "Fox Broadcasting Company", "url": "https://en.wikipedia.org/wiki/Fox_Broadcasting_Company", "lastUpdated": " This page was last edited on 6 October 2020, at 15:27"},
{"title": " (film)", "url": "https://en.wikipedia.org/wiki/Patriots_Day_(film)", "lastUpdated": " This page was last edited on 23 September 2020, at 20:01"},
{"title": " (TV series)", "url": "https://en.wikipedia.org/wiki/I_Love_Dick_(TV_series)", "lastUpdated": " This page was last edited on 18 August 2020, at 20:30"},
{"title": "Screen Actors Guild Awards", "url": "https://en.wikipedia.org/wiki/Screen_Actors_Guild_Award", "lastUpdated": " This page was last edited on 21 July 2020, at 00:07"},
,
,
{"title": "Primetime Emmy Award", "url": "https://en.wikipedia.org/wiki/Primetime_Emmy_Award", "lastUpdated": " This page was last edited on 22 September 2020, at 10:27"},
{"title": "Golden Globe Awards", "url": "https://en.wikipedia.org/wiki/Golden_Globe_Award", "lastUpdated": " This page was last edited on 8 September 2020, at 12:45"},
{"title": " (film)", "url": "https://en.wikipedia.org/wiki/Black_Mass_(film)", "lastUpdated": " This page was last edited on 1 October 2020, at 17:17"},
{"title": " (film)", "url": "https://en.wikipedia.org/wiki/Frost/Nixon_(film)", "lastUpdated": " This page was last edited on 16 August 2020, at 00:08"},
,
,
{"title": "HBO", "url": "https://en.wikipedia.org/wiki/HBO", "lastUpdated": " This page was last edited on 7 October 2020, at 00:10"},
,
{"title": "Circle in the Square Theatre", "url": "https://en.wikipedia.org/wiki/Circle_in_the_Square", "lastUpdated": " This page was last edited on 27 September 2020, at 21:06"},
{"title": "Main Page", "url": "https://en.wikipedia.org/wiki/Main_Page", "lastUpdated": " This page was last edited on 23 July 2020, at 12:44"},
{"title": "WorldCat", "url": "https://en.wikipedia.org/wiki/WorldCat_Identities_(identifier)", "lastUpdated": " This page was last edited on 3 October 2020, at 11:46"},
{"title": "Virtual International Authority File", "url": "https://en.wikipedia.org/wiki/VIAF_(identifier)", "lastUpdated": " This page was last edited on 30 July 2020, at 18:19"},
{"title": "Trove", "url": "https://en.wikipedia.org/wiki/Trove", "lastUpdated": " This page was last edited on 18 September 2020, at 03:04"},
{"title": " (film)", "url": "https://en.wikipedia.org/wiki/Wild_Things_(film)", "lastUpdated": " This page was last edited on 29 September 2020, at 08:35"},
{"title": "Syst\u00e8me universitaire de documentation", "url": "https://en.wikipedia.org/wiki/SUDOC_(identifier)", "lastUpdated": " This page was last edited on 19 October 2019, at 13:42"},
{"title": "SNAC", "url": "https://en.wikipedia.org/wiki/SNAC", "lastUpdated": " This page was last edited on 2 July 2020, at 13:53"}
]