lastUpdated,title,url
" This page was last edited on 19 September 2020, at 00:35",Kevin Bacon,https://en.wikipedia.org/wiki/Kevin_Bacon
" This page was last edited on 21 July 2020, at 00:07",Screen Actors Guild Awards,https://en.wikipedia.org/wiki/Screen_Actors_Guild_Award
" This page was last edited on 8 September 2020, at 12:45",Golden Globe Awards,https://en.wikipedia.org/wiki/Golden_Globe_Award
" This page was last edited on 18 August 2020, at 20:30", (TV series),https://en.wikipedia.org/wiki/I_Love_Dick_(TV_series)
" This page was last edited on 6 September 2020, at 23:58",List of social networking websites,https://en.wikipedia.org/wiki/Social_networks
" This page was last edited on 3 October 2020, at 12:56",Hollywood Walk of Fame,https://en.wikipedia.org/wiki/Hollywood_Walk_of_Fame
" This page was last edited on 14 August 2020, at 04:30",Golden Globe Award for Best Actor – Television Series Musical or Comedy,https://en.wikipedia.org/wiki/Golden_Globe_Award_for_Best_Actor_%E2%80%93_Television_Series_Musical_or_Comedy
" This page was last edited on 22 September 2020, at 10:27",Primetime Emmy Award,https://en.wikipedia.org/wiki/Primetime_Emmy_Award
" This page was last edited on 3 September 2020, at 14:05",[<Selector xpath='//h1/i/text()' data='Taking Chance'>],https://en.wikipedia.org/wiki/Taking_Chance
" This page was last edited on 1 October 2020, at 12:55",Academy Awards,https://en.wikipedia.org/wiki/Academy_Award
" This page was last edited on 18 September 2020, at 16:08",[<Selector xpath='//h1/i/text()' data='The Guardian'>],https://en.wikipedia.org/wiki/The_Guardian
" This page was last edited on 26 May 2020, at 18:28",Obie Award,https://en.wikipedia.org/wiki/Obie_Award
" This page was last edited on 5 October 2020, at 13:16",Richard Dean Anderson,https://en.wikipedia.org/wiki/Richard_Dean_Anderson
" This page was last edited on 23 July 2020, at 12:44",Main Page,https://en.wikipedia.org/wiki/Main_Page
" This page was last edited on 11 September 2020, at 16:17",[<Selector xpath='//h1/i/text()' data='The Following'>],https://en.wikipedia.org/wiki/The_Following
" This page was last edited on 23 September 2020, at 20:01", (film),https://en.wikipedia.org/wiki/Patriots_Day_(film)
" This page was last edited on 1 October 2020, at 17:17", (film),https://en.wikipedia.org/wiki/Black_Mass_(film)
" This page was last edited on 6 October 2020, at 15:27",Fox Broadcasting Company,https://en.wikipedia.org/wiki/Fox_Broadcasting_Company
" This page was last edited on 7 October 2020, at 00:10",HBO,https://en.wikipedia.org/wiki/HBO
lastUpdated,title,url
" This page was last edited on 19 September 2020, at 00:35",Kevin Bacon,https://en.wikipedia.org/wiki/Kevin_Bacon
" This page was last edited on 18 August 2020, at 20:30", (TV series),https://en.wikipedia.org/wiki/I_Love_Dick_(TV_series)
" This page was last edited on 22 September 2020, at 10:27",Primetime Emmy Award,https://en.wikipedia.org/wiki/Primetime_Emmy_Award
" This page was last edited on 21 July 2020, at 00:07",Screen Actors Guild Awards,https://en.wikipedia.org/wiki/Screen_Actors_Guild_Award
" This page was last edited on 20 March 2020, at 11:35",SixDegrees.org,https://en.wikipedia.org/wiki/SixDegrees.org
" This page was last edited on 14 August 2020, at 04:30",Golden Globe Award for Best Actor – Television Series Musical or Comedy,https://en.wikipedia.org/wiki/Golden_Globe_Award_for_Best_Actor_%E2%80%93_Television_Series_Musical_or_Comedy
" This page was last edited on 6 September 2020, at 23:58",List of social networking websites,https://en.wikipedia.org/wiki/Social_networks
" This page was last edited on 2 October 2020, at 20:10",Six Degrees of Kevin Bacon,https://en.wikipedia.org/wiki/Six_Degrees_of_Kevin_Bacon
" This page was last edited on 1 October 2020, at 12:55",Academy Awards,https://en.wikipedia.org/wiki/Academy_Award
" This page was last edited on 3 October 2020, at 12:56",Hollywood Walk of Fame,https://en.wikipedia.org/wiki/Hollywood_Walk_of_Fame
" This page was last edited on 8 September 2020, at 12:45",Golden Globe Awards,https://en.wikipedia.org/wiki/Golden_Globe_Award
" This page was last edited on 3 September 2020, at 14:05",[<Selector xpath='//h1/i/text()' data='Taking Chance'>],https://en.wikipedia.org/wiki/Taking_Chance
" This page was last edited on 11 September 2020, at 16:17",[<Selector xpath='//h1/i/text()' data='The Following'>],https://en.wikipedia.org/wiki/The_Following
" This page was last edited on 18 September 2020, at 16:08",[<Selector xpath='//h1/i/text()' data='The Guardian'>],https://en.wikipedia.org/wiki/The_Guardian
" This page was last edited on 25 September 2020, at 05:22","[<Selector xpath='//h1/i/text()' data=""She's Having a Baby"">]",https://en.wikipedia.org/wiki/She%27s_Having_a_Baby
" This page was last edited on 2 July 2020, at 13:53",SNAC,https://en.wikipedia.org/wiki/SNAC
" This page was last edited on 23 July 2020, at 12:44",Main Page,https://en.wikipedia.org/wiki/Main_Page
" This page was last edited on 20 September 2020, at 07:23",[<Selector xpath='//h1/i/text()' data='Los Angeles Daily News'>],https://en.wikipedia.org/wiki/Los_Angeles_Daily_News
" This page was last edited on 7 October 2020, at 00:10",HBO,https://en.wikipedia.org/wiki/HBO
" This page was last edited on 22 July 2020, at 18:39", (2020 TV series),https://en.wikipedia.org/wiki/Ana_(2020_TV_series)
" This page was last edited on 6 October 2020, at 15:27",Fox Broadcasting Company,https://en.wikipedia.org/wiki/Fox_Broadcasting_Company
lastUpdated,title,url
" This page was last edited on 19 September 2020, at 00:35",Kevin Bacon,https://en.wikipedia.org/wiki/Kevin_Bacon
" This page was last edited on 18 August 2020, at 20:30", (TV series),https://en.wikipedia.org/wiki/I_Love_Dick_(TV_series)
" This page was last edited on 22 September 2020, at 10:27",Primetime Emmy Award,https://en.wikipedia.org/wiki/Primetime_Emmy_Award
" This page was last edited on 20 March 2020, at 11:35",SixDegrees.org,https://en.wikipedia.org/wiki/SixDegrees.org
" This page was last edited on 21 July 2020, at 00:07",Screen Actors Guild Awards,https://en.wikipedia.org/wiki/Screen_Actors_Guild_Award
" This page was last edited on 2 October 2020, at 20:10",Six Degrees of Kevin Bacon,https://en.wikipedia.org/wiki/Six_Degrees_of_Kevin_Bacon
" This page was last edited on 14 August 2020, at 04:30",Golden Globe Award for Best Actor – Television Series Musical or Comedy,https://en.wikipedia.org/wiki/Golden_Globe_Award_for_Best_Actor_%E2%80%93_Television_Series_Musical_or_Comedy
" This page was last edited on 6 September 2020, at 23:58",List of social networking websites,https://en.wikipedia.org/wiki/Social_networks
" This page was last edited on 1 October 2020, at 12:55",Academy Awards,https://en.wikipedia.org/wiki/Academy_Award
" This page was last edited on 3 October 2020, at 12:56",Hollywood Walk of Fame,https://en.wikipedia.org/wiki/Hollywood_Walk_of_Fame
" This page was last edited on 3 September 2020, at 14:05",[<Selector xpath='//h1/i/text()' data='Taking Chance'>],https://en.wikipedia.org/wiki/Taking_Chance
" This page was last edited on 11 September 2020, at 16:17",[<Selector xpath='//h1/i/text()' data='The Following'>],https://en.wikipedia.org/wiki/The_Following
" This page was last edited on 18 September 2020, at 16:08",[<Selector xpath='//h1/i/text()' data='The Guardian'>],https://en.wikipedia.org/wiki/The_Guardian
" This page was last edited on 8 September 2020, at 12:45",Golden Globe Awards,https://en.wikipedia.org/wiki/Golden_Globe_Award
" This page was last edited on 6 October 2020, at 15:27",Fox Broadcasting Company,https://en.wikipedia.org/wiki/Fox_Broadcasting_Company
" This page was last edited on 23 July 2020, at 12:44",Main Page,https://en.wikipedia.org/wiki/Main_Page
" This page was last edited on 3 October 2020, at 11:46",WorldCat,https://en.wikipedia.org/wiki/WorldCat_Identities_(identifier)
" This page was last edited on 7 October 2020, at 00:10",HBO,https://en.wikipedia.org/wiki/HBO
" This page was last edited on 6 June 2020, at 20:53",Bruce Gilbert,https://en.wikipedia.org/wiki/Bruce_Gilbert
" This page was last edited on 23 June 2020, at 19:06", (TV series),https://en.wikipedia.org/wiki/The_Remix_(TV_series)
" This page was last edited on 6 October 2020, at 13:04",[<Selector xpath='//h1/i/text()' data='The New York Times'>],https://en.wikipedia.org/wiki/The_New_York_Times
lastUpdated,title,url
" This page was last edited on 19 September 2020, at 00:35",Kevin Bacon,https://en.wikipedia.org/wiki/Kevin_Bacon
" This page was last edited on 21 July 2020, at 00:07",Screen Actors Guild Awards,https://en.wikipedia.org/wiki/Screen_Actors_Guild_Award
" This page was last edited on 8 September 2020, at 12:45",Golden Globe Awards,https://en.wikipedia.org/wiki/Golden_Globe_Award
" This page was last edited on 14 August 2020, at 04:30",Golden Globe Award for Best Actor – Television Series Musical or Comedy,https://en.wikipedia.org/wiki/Golden_Globe_Award_for_Best_Actor_%E2%80%93_Television_Series_Musical_or_Comedy
" This page was last edited on 18 August 2020, at 20:30", (TV series),https://en.wikipedia.org/wiki/I_Love_Dick_(TV_series)
" This page was last edited on 22 September 2020, at 10:27",Primetime Emmy Award,https://en.wikipedia.org/wiki/Primetime_Emmy_Award
" This page was last edited on 6 September 2020, at 23:58",List of social networking websites,https://en.wikipedia.org/wiki/Social_networks
" This page was last edited on 3 September 2020, at 14:05",[<Selector xpath='//h1/i/text()' data='Taking Chance'>],https://en.wikipedia.org/wiki/Taking_Chance
" This page was last edited on 1 October 2020, at 12:55",Academy Awards,https://en.wikipedia.org/wiki/Academy_Award
" This page was last edited on 3 October 2020, at 12:56",Hollywood Walk of Fame,https://en.wikipedia.org/wiki/Hollywood_Walk_of_Fame
" This page was last edited on 18 September 2020, at 16:08",[<Selector xpath='//h1/i/text()' data='The Guardian'>],https://en.wikipedia.org/wiki/The_Guardian
" This page was last edited on 1 October 2020, at 17:17", (film),https://en.wikipedia.org/wiki/Black_Mass_(film)
" This page was last edited on 11 September 2020, at 16:17",[<Selector xpath='//h1/i/text()' data='The Following'>],https://en.wikipedia.org/wiki/The_Following
" This page was last edited on 11 May 2020, at 14:47",National Library of Latvia,https://en.wikipedia.org/wiki/National_Library_of_Latvia
" This page was last edited on 23 July 2020, at 12:44",Main Page,https://en.wikipedia.org/wiki/Main_Page
" This page was last edited on 23 September 2020, at 20:01", (film),https://en.wikipedia.org/wiki/Patriots_Day_(film)
" This page was last edited on 5 October 2020, at 15:12",Judy Garland,https://en.wikipedia.org/wiki/Judy_Garland
" This page was last edited on 6 October 2020, at 15:27",Fox Broadcasting Company,https://en.wikipedia.org/wiki/Fox_Broadcasting_Company
" This page was last edited on 7 October 2020, at 00:10",HBO,https://en.wikipedia.org/wiki/HBO
lastUpdated,title,url
" This page was last edited on 19 September 2020, at 00:35",Kevin Bacon,https://en.wikipedia.org/wiki/Kevin_Bacon
" This page was last edited on 18 August 2020, at 20:30", (TV series),https://en.wikipedia.org/wiki/I_Love_Dick_(TV_series)
" This page was last edited on 22 September 2020, at 10:27",Primetime Emmy Award,https://en.wikipedia.org/wiki/Primetime_Emmy_Award
" This page was last edited on 20 March 2020, at 11:35",SixDegrees.org,https://en.wikipedia.org/wiki/SixDegrees.org
" This page was last edited on 2 October 2020, at 20:10",Six Degrees of Kevin Bacon,https://en.wikipedia.org/wiki/Six_Degrees_of_Kevin_Bacon
" This page was last edited on 1 October 2020, at 12:55",Academy Awards,https://en.wikipedia.org/wiki/Academy_Award
" This page was last edited on 18 September 2020, at 16:08",[<Selector xpath='//h1/i/text()' data='The Guardian'>],https://en.wikipedia.org/wiki/The_Guardian
" This page was last edited on 3 October 2020, at 12:56",Hollywood Walk of Fame,https://en.wikipedia.org/wiki/Hollywood_Walk_of_Fame
" This page was last edited on 14 August 2020, at 04:30",Golden Globe Award for Best Actor – Television Series Musical or Comedy,https://en.wikipedia.org/wiki/Golden_Globe_Award_for_Best_Actor_%E2%80%93_Television_Series_Musical_or_Comedy
" This page was last edited on 3 September 2020, at 14:05",[<Selector xpath='//h1/i/text()' data='Taking Chance'>],https://en.wikipedia.org/wiki/Taking_Chance
" This page was last edited on 6 September 2020, at 23:58",List of social networking websites,https://en.wikipedia.org/wiki/Social_networks
" This page was last edited on 21 July 2020, at 00:07",Screen Actors Guild Awards,https://en.wikipedia.org/wiki/Screen_Actors_Guild_Award
" This page was last edited on 8 September 2020, at 12:45",Golden Globe Awards,https://en.wikipedia.org/wiki/Golden_Globe_Award
" This page was last edited on 11 September 2020, at 16:17",[<Selector xpath='//h1/i/text()' data='The Following'>],https://en.wikipedia.org/wiki/The_Following
" This page was last edited on 6 October 2020, at 03:55",IMDb,https://en.wikipedia.org/wiki/IMDb
" This page was last edited on 23 July 2020, at 12:44",Main Page,https://en.wikipedia.org/wiki/Main_Page
" This page was last edited on 3 October 2020, at 11:46",WorldCat,https://en.wikipedia.org/wiki/WorldCat_Identities_(identifier)
" This page was last edited on 30 July 2020, at 18:19",Virtual International Authority File,https://en.wikipedia.org/wiki/VIAF_(identifier)
" This page was last edited on 18 September 2020, at 03:04",Trove,https://en.wikipedia.org/wiki/Trove
" This page was last edited on 6 October 2020, at 15:27",Fox Broadcasting Company,https://en.wikipedia.org/wiki/Fox_Broadcasting_Company
" This page was last edited on 7 October 2020, at 00:10",HBO,https://en.wikipedia.org/wiki/HBO
