<?xml version="1.0" encoding="utf-8"?>
<items>
<item><title>Kevin Bacon</title><url>https://en.wikipedia.org/wiki/Kevin_Bacon</url><lastUpdated> This page was last edited on 19 September 2020, at 00:35</lastUpdated></item>
<item><title> (TV series)</title><url>https://en.wikipedia.org/wiki/I_Love_Dick_(TV_series)</url><lastUpdated> This page was last edited on 18 August 2020, at 20:30</lastUpdated></item>
<item><title>Primetime Emmy Award</title><url>https://en.wikipedia.org/wiki/Primetime_Emmy_Award</url><lastUpdated> This page was last edited on 22 September 2020, at 10:27</lastUpdated></item>
<item><title>SixDegrees.org</title><url>https://en.wikipedia.org/wiki/SixDegrees.org</url><lastUpdated> This page was last edited on 20 March 2020, at 11:35</lastUpdated></item>
<item><title>Golden Globe Award for Best Actor – Television Series Musical or Comedy</title><url>https://en.wikipedia.org/wiki/Golden_Globe_Award_for_Best_Actor_%E2%80%93_Television_Series_Musical_or_Comedy</url><lastUpdated> This page was last edited on 14 August 2020, at 04:30</lastUpdated></item>
<item><title>List of social networking websites</title><url>https://en.wikipedia.org/wiki/Social_networks</url><lastUpdated> This page was last edited on 6 September 2020, at 23:58</lastUpdated></item>
<item><title>Six Degrees of Kevin Bacon</title><url>https://en.wikipedia.org/wiki/Six_Degrees_of_Kevin_Bacon</url><lastUpdated> This page was last edited on 2 October 2020, at 20:10</lastUpdated></item>
<item><title>Screen Actors Guild Awards</title><url>https://en.wikipedia.org/wiki/Screen_Actors_Guild_Award</url><lastUpdated> This page was last edited on 21 July 2020, at 00:07</lastUpdated></item>
<item><title><value>&lt;Selector xpath='//h1/i/text()' data='The Guardian'&gt;</value></title><url>https://en.wikipedia.org/wiki/The_Guardian</url><lastUpdated> This page was last edited on 18 September 2020, at 16:08</lastUpdated></item>
<item><title>Hollywood Walk of Fame</title><url>https://en.wikipedia.org/wiki/Hollywood_Walk_of_Fame</url><lastUpdated> This page was last edited on 3 October 2020, at 12:56</lastUpdated></item>
<item><title>Academy Awards</title><url>https://en.wikipedia.org/wiki/Academy_Award</url><lastUpdated> This page was last edited on 1 October 2020, at 12:55</lastUpdated></item>
<item><title>Cannes Film Festival</title><url>https://en.wikipedia.org/wiki/Cannes_Film_Festival</url><lastUpdated> This page was last edited on 5 October 2020, at 12:51</lastUpdated></item>
<item><title><value>&lt;Selector xpath='//h1/i/text()' data='Taking Chance'&gt;</value></title><url>https://en.wikipedia.org/wiki/Taking_Chance</url><lastUpdated> This page was last edited on 3 September 2020, at 14:05</lastUpdated></item>
<item><title>Alan Rickman</title><url>https://en.wikipedia.org/wiki/Alan_Rickman</url><lastUpdated> This page was last edited on 7 October 2020, at 00:12</lastUpdated></item>
<item><title><value>&lt;Selector xpath='//h1/i/text()' data='The Following'&gt;</value></title><url>https://en.wikipedia.org/wiki/The_Following</url><lastUpdated> This page was last edited on 11 September 2020, at 16:17</lastUpdated></item>
<item><title>Main Page</title><url>https://en.wikipedia.org/wiki/Main_Page</url><lastUpdated> This page was last edited on 23 July 2020, at 12:44</lastUpdated></item>
<item><title>Fox Broadcasting Company</title><url>https://en.wikipedia.org/wiki/Fox_Broadcasting_Company</url><lastUpdated> This page was last edited on 6 October 2020, at 15:27</lastUpdated></item>
<item><title>Golden Globe Awards</title><url>https://en.wikipedia.org/wiki/Golden_Globe_Award</url><lastUpdated> This page was last edited on 8 September 2020, at 12:45</lastUpdated></item>
<item><title>WorldCat</title><url>https://en.wikipedia.org/wiki/WorldCat_Identities_(identifier)</url><lastUpdated> This page was last edited on 3 October 2020, at 11:46</lastUpdated></item>
<item><title>Virtual International Authority File</title><url>https://en.wikipedia.org/wiki/VIAF_(identifier)</url><lastUpdated> This page was last edited on 30 July 2020, at 18:19</lastUpdated></item>
<item><title>HBO</title><url>https://en.wikipedia.org/wiki/HBO</url><lastUpdated> This page was last edited on 7 October 2020, at 00:10</lastUpdated></item>
<item><title>Trove</title><url>https://en.wikipedia.org/wiki/Trove</url><lastUpdated> This page was last edited on 18 September 2020, at 03:04</lastUpdated></item>
<item><title>Système universitaire de documentation</title><url>https://en.wikipedia.org/wiki/SUDOC_(identifier)</url><lastUpdated> This page was last edited on 19 October 2019, at 13:42</lastUpdated></item>
</items><?xml version="1.0" encoding="utf-8"?>
<items>
<item><title>Kevin Bacon</title><url>https://en.wikipedia.org/wiki/Kevin_Bacon</url><lastUpdated>2020-09-19 00:35:00</lastUpdated></item>
<item><title> (TV series)</title><url>https://en.wikipedia.org/wiki/I_Love_Dick_(TV_series)</url><lastUpdated>2020-08-18 20:30:00</lastUpdated></item>
<item><title>SixDegrees.org</title><url>https://en.wikipedia.org/wiki/SixDegrees.org</url><lastUpdated>2020-03-20 11:35:00</lastUpdated></item>
<item><title>Golden Globe Award for Best Actor – Television Series Musical or Comedy</title><url>https://en.wikipedia.org/wiki/Golden_Globe_Award_for_Best_Actor_%E2%80%93_Television_Series_Musical_or_Comedy</url><lastUpdated>2020-08-14 04:30:00</lastUpdated></item>
<item><title>List of social networking websites</title><url>https://en.wikipedia.org/wiki/Social_networks</url><lastUpdated>2020-09-06 23:58:00</lastUpdated></item>
<item><title>Six Degrees of Kevin Bacon</title><url>https://en.wikipedia.org/wiki/Six_Degrees_of_Kevin_Bacon</url><lastUpdated>2020-10-02 20:10:00</lastUpdated></item>
<item><title>Primetime Emmy Award</title><url>https://en.wikipedia.org/wiki/Primetime_Emmy_Award</url><lastUpdated>2020-09-22 10:27:00</lastUpdated></item>
<item><title>Academy Awards</title><url>https://en.wikipedia.org/wiki/Academy_Award</url><lastUpdated>2020-10-01 12:55:00</lastUpdated></item>
<item><title>Hollywood Walk of Fame</title><url>https://en.wikipedia.org/wiki/Hollywood_Walk_of_Fame</url><lastUpdated>2020-10-03 12:56:00</lastUpdated></item>
<item><title><value>&lt;Selector xpath='//h1/i/text()' data='The Guardian'&gt;</value></title><url>https://en.wikipedia.org/wiki/The_Guardian</url><lastUpdated>2020-09-18 16:08:00</lastUpdated></item>
<item><title><value>&lt;Selector xpath='//h1/i/text()' data='The Following'&gt;</value></title><url>https://en.wikipedia.org/wiki/The_Following</url><lastUpdated>2020-09-11 16:17:00</lastUpdated></item>
<item><title><value>&lt;Selector xpath='//h1/i/text()' data='Taking Chance'&gt;</value></title><url>https://en.wikipedia.org/wiki/Taking_Chance</url><lastUpdated>2020-09-03 14:05:00</lastUpdated></item>
<item><title>Screen Actors Guild Awards</title><url>https://en.wikipedia.org/wiki/Screen_Actors_Guild_Award</url><lastUpdated>2020-07-21 00:07:00</lastUpdated></item>
<item><title>Seattle International Film Festival</title><url>https://en.wikipedia.org/wiki/Seattle_International_Film_Festival</url><lastUpdated>2020-04-26 00:39:00</lastUpdated></item>
<item><title>Golden Globe Awards</title><url>https://en.wikipedia.org/wiki/Golden_Globe_Award</url><lastUpdated>2020-09-08 12:45:00</lastUpdated></item>
<item><title>Main Page</title><url>https://en.wikipedia.org/wiki/Main_Page</url><lastUpdated>2020-07-23 12:44:00</lastUpdated></item>
<item><title>WorldCat</title><url>https://en.wikipedia.org/wiki/WorldCat_Identities_(identifier)</url><lastUpdated>2020-10-03 11:46:00</lastUpdated></item>
<item><title>Fox Broadcasting Company</title><url>https://en.wikipedia.org/wiki/Fox_Broadcasting_Company</url><lastUpdated>2020-10-06 15:27:00</lastUpdated></item>
<item><title>Virtual International Authority File</title><url>https://en.wikipedia.org/wiki/VIAF_(identifier)</url><lastUpdated>2020-07-30 18:19:00</lastUpdated></item>
<item><title>Trove</title><url>https://en.wikipedia.org/wiki/Trove</url><lastUpdated>2020-09-18 03:04:00</lastUpdated></item>
<item><title>Système universitaire de documentation</title><url>https://en.wikipedia.org/wiki/SUDOC_(identifier)</url><lastUpdated>2019-10-19 13:42:00</lastUpdated></item>
<item><title>SNAC</title><url>https://en.wikipedia.org/wiki/SNAC</url><lastUpdated>2020-07-02 13:53:00</lastUpdated></item>
<item><title>HBO</title><url>https://en.wikipedia.org/wiki/HBO</url><lastUpdated>2020-10-07 00:10:00</lastUpdated></item>
</items>